-- MySQL Administrator dump 1.4
--
-- ------------------------------------------------------
-- Server version	5.0.22-community-nt


/*!40101 SET @OLD_CHARACTER_SET_CLIENT=@@CHARACTER_SET_CLIENT */;
/*!40101 SET @OLD_CHARACTER_SET_RESULTS=@@CHARACTER_SET_RESULTS */;
/*!40101 SET @OLD_COLLATION_CONNECTION=@@COLLATION_CONNECTION */;
/*!40101 SET NAMES utf8 */;

/*!40014 SET @OLD_UNIQUE_CHECKS=@@UNIQUE_CHECKS, UNIQUE_CHECKS=0 */;
/*!40014 SET @OLD_FOREIGN_KEY_CHECKS=@@FOREIGN_KEY_CHECKS, FOREIGN_KEY_CHECKS=0 */;
/*!40101 SET @OLD_SQL_MODE=@@SQL_MODE, SQL_MODE='NO_AUTO_VALUE_ON_ZERO' */;


--
-- Create schema enabling_cloud
--



CREATE DATABASE IF NOT EXISTS enabling_cloud;
USE enabling_cloud;

--
-- Definition of table `f_download`
--

DROP TABLE IF EXISTS `f_download`;
CREATE TABLE `f_download` (
  `file_name` varchar(45) NOT NULL,
  `file_owner` varchar(45) NOT NULL,
  `time` timestamp NOT NULL default CURRENT_TIMESTAMP on update CURRENT_TIMESTAMP
) ENGINE=InnoDB DEFAULT CHARSET=latin1;

--
-- Dumping data for table `f_download`
--

/*!40000 ALTER TABLE `f_download` DISABLE KEYS */;
INSERT INTO `f_download` (`file_name`,`file_owner`,`time`) VALUES 
 ('efficient.txt','prabu.jpinfotech@gmail.com','2016-06-04 16:30:26'),
 ('client.txt','prabu.jpinfotech@gmail.com','2016-06-06 16:09:46'),
 ('client.txt','prabu.jpinfotech@gmail.com','2016-06-06 16:09:46'),
 ('server.txt','prabu.jpinfotech@gmail.com','2016-06-06 16:11:59'),
 ('new.txt','prabu.jpinfotech@gmail.com','2016-06-06 16:13:34'),
 ('one.txt','prabu.jpinfotech@gmail.com','2016-06-06 16:14:14'),
 ('sample.txt','prabu.jpinfotech@gmail.com','2016-06-06 16:15:18'),
 ('this.txt','prabu.jpinfotech@gmail.com','2016-06-06 16:16:03'),
 ('Note.txt','prabu.jpinfotech@gmail.com','2016-06-07 12:22:57'),
 ('Note.txt','prabu.jpinfotech@gmail.com','2016-06-07 12:24:12');
/*!40000 ALTER TABLE `f_download` ENABLE KEYS */;


--
-- Definition of table `register`
--

DROP TABLE IF EXISTS `register`;
CREATE TABLE `register` (
  `name` varchar(45) NOT NULL,
  `email` varchar(45) NOT NULL,
  `pass` varchar(45) NOT NULL,
  `repass` varchar(45) NOT NULL,
  `dob` varchar(45) NOT NULL,
  `gender` varchar(45) NOT NULL,
  `contact` varchar(45) NOT NULL,
  `loc` varchar(45) NOT NULL,
  `status` varchar(45) NOT NULL default 'No',
  `ukey` varchar(45) default '9898',
  `dkey` varchar(45) default NULL,
  `user` varchar(45) default NULL,
  PRIMARY KEY  (`email`)
) ENGINE=InnoDB DEFAULT CHARSET=latin1;

--
-- Dumping data for table `register`
--

/*!40000 ALTER TABLE `register` DISABLE KEYS */;
INSERT INTO `register` (`name`,`email`,`pass`,`repass`,`dob`,`gender`,`contact`,`loc`,`status`,`ukey`,`dkey`,`user`) VALUES 
 ('prabhu','prabhu010798@yahoo.com','123','123','2016-06-15','male','81245808841','chennai','yes','1041180','7a2pPsEE5dw=','No'),
 ('prabhuKing','prabhu27@gmail.com','123','123','2016-03-14','male','81245808841','chennai','yes','129102','luJBOYXLvg8=','No'),
 ('King','prabhuit27@gmail.com','123','123','2016-06-14','male','81245808841','chennai','Yes','1048028','PO6cpE7NXfk=','No'),
 ('prabhu','prabu.jpinfotech@gmail.com','123','123','2016-06-08','male','81245808841','chennai','yes','1128620','+fwHhTSspRY=','No'),
 ('prabhu R','test.jpinfotech@gmail.com','123','123','2016-06-13','male','81245808841','chennai','yes','272875','tO0uiECVV5U=','No');
/*!40000 ALTER TABLE `register` ENABLE KEYS */;


--
-- Definition of table `timeupdate`
--

DROP TABLE IF EXISTS `timeupdate`;
CREATE TABLE `timeupdate` (
  `file_name` varchar(45) NOT NULL,
  `file_owner` varchar(45) NOT NULL,
  `time` timestamp NOT NULL default CURRENT_TIMESTAMP on update CURRENT_TIMESTAMP,
  PRIMARY KEY  (`time`)
) ENGINE=InnoDB DEFAULT CHARSET=latin1;

--
-- Dumping data for table `timeupdate`
--

/*!40000 ALTER TABLE `timeupdate` DISABLE KEYS */;
INSERT INTO `timeupdate` (`file_name`,`file_owner`,`time`) VALUES 
 ('efficient.txt','prabu.jpinfotech@gmail.com','2016-06-04 16:20:49'),
 ('efficient.txt','prabu.jpinfotech@gmail.com','2016-06-04 16:28:01'),
 ('efficient.txt','prabu.jpinfotech@gmail.com','2016-06-04 16:28:37'),
 ('efficient.txt','prabu.jpinfotech@gmail.com','2016-06-04 16:29:12'),
 ('efficient.txt','prabu.jpinfotech@gmail.com','2016-06-06 12:12:12'),
 ('client.txt','prabu.jpinfotech@gmail.com','2016-06-06 16:07:50'),
 ('client.txt','prabu.jpinfotech@gmail.com','2016-06-06 16:08:08'),
 ('server.txt','prabu.jpinfotech@gmail.com','2016-06-06 16:11:35'),
 ('new.txt','prabu.jpinfotech@gmail.com','2016-06-06 16:12:09'),
 ('one.txt','prabu.jpinfotech@gmail.com','2016-06-06 16:13:41'),
 ('sample.txt','prabu.jpinfotech@gmail.com','2016-06-06 16:14:40'),
 ('this.txt','prabu.jpinfotech@gmail.com','2016-06-06 16:15:26'),
 ('this.txt','prabu.jpinfotech@gmail.com','2016-06-06 16:15:32'),
 ('Note.txt','prabu.jpinfotech@gmail.com','2016-06-07 12:21:48'),
 ('Note.txt','prabu.jpinfotech@gmail.com','2016-06-07 12:23:42');
/*!40000 ALTER TABLE `timeupdate` ENABLE KEYS */;


--
-- Definition of table `upload`
--

DROP TABLE IF EXISTS `upload`;
CREATE TABLE `upload` (
  `file_name` varchar(45) NOT NULL,
  `file_owner` varchar(45) NOT NULL,
  `date` timestamp NOT NULL default CURRENT_TIMESTAMP,
  `size` varchar(45) NOT NULL,
  `file` longblob NOT NULL,
  `data` text NOT NULL,
  `status` varchar(45) default 'No',
  `tkey` varchar(45) NOT NULL default 'No',
  PRIMARY KEY  (`date`)
) ENGINE=InnoDB DEFAULT CHARSET=latin1;

--
-- Dumping data for table `upload`
--

/*!40000 ALTER TABLE `upload` DISABLE KEYS */;
INSERT INTO `upload` (`file_name`,`file_owner`,`date`,`size`,`file`,`data`,`status`,`tkey`) VALUES 
 ('efficient.txt','prabu.jpinfotech@gmail.com','2016-06-03 14:47:01','2220',0x4964656E746974792D426173656420456E6372797074696F6E207769746820436C6F7564205265766F636174696F6E20417574686F72697479200D0A616E6420497473204170706C69636174696F6E733A0D0A0D0A456E6372797074696F6E2C2061757468656E7469636174696F6E2C20636C6F756420636F6D707574696E672C206F7574736F757263696E6720636F6D7075746174696F6E2C0D0A7265766F636174696F6E20617574686F726974790D0A0D0A312E4441544120557365723A0D0A202A4576657220646174612075736572206E65656420746F207265676973746572207768696C6520616363657373696E6720746F2074686520636C6F75642E0D0A202A4576657279206461746120757365722077696C6C20626520616374697661746564206279207468652043524128636C6F7564207265766F636174696F6E20617574686F72697479292E0D0A202A416674657220435241206163746976617465642C65766572792075736572206E65656420746F2070726F76696465204964656E74697479206B657920746F206C6F67696E207573657220686F6D652E0D0A202A4964656E74697479206B65792077696C6C2062652070726F766964656420627920504B472E0D0A202A4461746120757365722063616E2075706C6F6164207468652066696C6520696E2074686520636C6F75642E2E7468652075706C6F616465642066696C652077696C6C2073746F72656420696E200D0A202064726976652048512E0D0A202A44617461206F776E65722063616E20766965772066696C652064657461696C732E2E616E6420646F776E6C6F6164207468652066696C65207573696E67200D0A202074696D6520757064617465206B65792070726F7669646564206279204352412E0D0A0D0A54696D6520557064617465204B65793A0D0A202A456163682074696D65207573657220616363657373696E6720616E6420646F776E6C6F6164696E67207468652066696C652066726F6D20636C6F75642E2E4352412077696C6C2070726F76696465200D0A2020656163682074696D6520757064617465206B657920746F2075736572206D61696C69642E2E736F2073616D652066696C65206B65792077696C6C206E6F7420626520746865726520666F72200D0A202073616D652066696C65206E616D652E2E69742077696C6C2073656E642061732074696D6520757064617465206B65792E2E0D0A0D0A202A736F20636F72726573706F6E64696E6720757365722063616E207573652020746869732066696C652066726F6D206469666672656E742073657276657220776974686F757420616E79206F7468657220757365206F66206861636B6572206F720D0A202061747461636B65722E200D0A6B65792077696C6C2073656E6420206163636F7264696E6720746F20746F6D65207570646174652E2E2E2E0D0A0D0A666F7220616761696E20616E6F74686572206C6F67696E202E2E73616D65206B65792077696C6C206E6F74206265656E20757365642062792075736572746F646F776E6C6F61642074686566696C652E2E0D0A796F75207365652E2E0D0A656163682074696D652069742077696C6C20757064617465206B657920746F20757365722E2E2E2E666F72206D6F726520736563757269747920666F7220646174612E2E2E0D0A0D0A20200D0A322E504B472870726976617465206B65792067656E657261746F72293A0D0A202A497420616374732061732061646D696E0D0A202A50726F76696465206964656E74697479206B657920666F72206576657279207573657220746F20616363657373207573657220686F6D6520616E64206B6579200D0A202077696C6C2073656E6420746F20636F72726573706F6E64696E67206F776E6572206D61696C2069642E2E2E2E0D0A202A416E6420616C736F2070726F7669646520746865206D6173746572206B657920666F7220616C6C2066696C657320616E642073656E6420746F204352412E0D0A200D0A202020202020202020202020202020202020200D0A332E43524128636C6F7564207265766F636174696F6E20617574686F72697479293A0D0A202A4163746976617465206461746120757365722E0D0A202A416674657220504B4720676976656E2061206D6173746572206B657920746F204352412C7468656E206F6E6C792069742077696C6C2073656E64200D0A202054696D6520757064617465206B6579207265717565737420746F20757365722E2E0D0A202A416674657220504B472073656E64206D6173746572206B657920746F204352412C204352412077696C6C2073656E6420746865207265717565737420666F722054696D6520757064617465206B65790D0A2020636F72726573706F6E64696E672075736572206D61696C69642E2E200D0A0D0A200D0A0D0A20416E64207468656E2C20435241206861732074776F205265766F636174696F6E20617574686F726974792E0D0A20312E496E736964652041647665727361727928696E736964652075736572207265766F6B65293A7265766F636174696F6E20617574686F726974792070726F636573733A2069742068617320726967687420746F207265766F6B652066726F6D2074686520636C6F7564206163636573732E2E2E0D0A2E0D0A20322E4F75747369646520416476657273617279286F7574736964652075736572207265766F6B65293A7265766F6B656420757365722070726F636573732E0D0A0D0A6966207468652075736572207573657320746865206475706C6963617465206964656E74697479206B657920746F2061636365737320636C6F756420666F7220352D362074696D6573206D65616E73200D0A746865792077696C6C20626C6F636B6564206279204352412066726F6D20636C6F7564206163636573732E2E6C657473207365652E2E0D0A4E6F77207573657220626C6F636B65642064756520746F2020696E636F7272656374206964656E74697479206B65792E2E2E2E0D0A0D0A200D0A7468616E6B20796F7520666F72207761746368696E672E2E2E,'bmC4dRYUnYf+De4q2L1LD9sUs/ZYHl9JXlb6qD+zIQbVXMcyqHshsR1OGtSNSMyoGkLr/SVCBtbWShVnUScgG4biq6I0n6o/O4OCONZXu2sbN7VsU0h8QX2snuBYGfIdSdNPbc25qmj49VkwUcQsi/TQ2qtT4hGmLTmxF6CkN+InHpXP6adn2n6az9lx+wukfkC0ybY0yikaw8e5X9xLoQnkhGGh3DpfgjBcq+3IExEeGID5cK7LvVowXNhCUNnLhvWN18q5f4ENy66fiXh80TncsHTPRXD0hFK0ibunZXU9Rmu8qtjkOMjgeqURIdtoVkqKh7bX5Ov8FPK4L6R5EmH6oQSFdqDNk82OeI1Fd+cNMU1yr8++V9RQloHGyojs0BwrSAV4bJ6SEiKBiIWqhxrDx7lf3EuhCeSEYaHcOl8cQPJiI1MBMxv+ARDwMI20bGGVL44AAqao/8pWpNMCZmXWrI4f1yMAk5tnzR+XpHiHUGDwcHB0+W5guHUWFJ2HGIqWpPs7nCpbc4gC2YS7sT50LmNBHyMbmxlEn+e5c8trfO2BxF8YxKHwYxmCUMJkgqLx8JLrIQdz4LBCw1UC++0BoxcirIjX1kqS5GXUZoPuCcAK1caif2Uc5c9kVh1TRH4WC8wyA6pjRJ7zggF5QJhMXa3V6VWxavkMNh+ozXxrFQHYCoDhK0+z5JHeUfxSOhBmiiO8QJV6BSnem+dDVhEVUgp+3uFQ5VUpQaB6I+3CSNzs2Ftih6frwWn0FmxVupWHb9GWQhhLb5XCADZYnkXZMKS3+VkfRtB6z/81G8liZ95SPaT0wgzZUA3rf+argqLx8JLrIQc65t58306mgavy5GEWR2F5eOL9iuD3LbqNTU7WN6XDTUzNfW4nlZBL8Ji6XaL0mfR4Pvy7a5GLX5FMUiWuxkWehI0T8iUGmGZnW3SnIVbMYSm1bM9YwBl6Xwk0wPHX+5ULVk+wTYvk3TYw46iHdjQe8lXNOOe+k24uI5JooI+eUO8qmmv9HG1ologxIz1nEKt6U6M8ikBc4nKiTNGOeSE65tHpLpgeG/EZBLvAN1qU6onEkjTQDabhGfeHeFpENJr174fULfb3hEgbcyaBzPysEtKnFSPJnUeaVgAzQM7alW3v2uAmbe1MWOTqXLCpjZWuOudrC0lua7vPHud3ckqaD/oAU36ymFWWDRX/xwH9Z5uDN6Q+tl8s1gZtkkubcv6Mq1B7bVOpIAu/BVJPFoqCZzQZ5136swdzgOA7dI9zxTNd6hKhse17nGoHAXFmZsAqbUS21/+IwYSdOs/yyOplbr8QhksPC8wr3sm6WhOfM7vxIbmtgcmPXiQEedG48ygDfa2GIkG+QzXcdpV/ToPy0f89vKgRm338/NaJtp+//o7aqTGOkO6HPlIIq/srsJiZ7nI27/cttyZtAcH9+B8l+9F9yBqRKTCRSn8c8Yqad0tvlcIANlie3HRcTGEsK59aMuEdyUcyTo0IibjjYnLW9GFefC4vgaRsGKfDi5GwCOpA4k3h/7OvDHCa5f9MqcoqjpM1PwdQL4tBt2shOFCjw6yrOnjRVdXB64TPlJOmlu/kJDFbT2jfshKzGHHpt1+ZDgPBsx3Z6CTOu7PAV4rzyXXoQqvW8TEQf1N+QZHalDC9Mm879zOesrZX9Eb+WRd+H7mY8ZEMlH1BfWqkKxSb3UJmRx/roQWmxn/EKJ/ekTiefKrZ+dj78McoTBHrhajv3hGYB64a3M099uivh5k15bHmkA9EZntZ8dADpo08PMaVQhpC+6hXKKXRnSxIaX5ZEmfYGZ9QDSZBAXQcllRSUwkpI7mJwWt02pyXc/FEyuOrlvEG/zIBpRFS46z15MoOMsgGarE7BjlbOoaFcXqvl0yDkQI8uLQdwpl/7Tt2TeAJdan93AywO13Rvu0bUu8dqJdoBzdmFl1uhHoD2SubsZIgqwX5PsU/D8zYBeC3NQ46QKY8tllh3gmo/0Cfg7efLf6osrTPamFEhozfUNG7oIlwaNnWImhIJ3sZDxzbAqYC4eDHEDqTTQ4gpTT63e4ps1KLjGoZq3lR3MA24tA/SXUtORq/vDY5k2q2tkEnhFUkWcCNkROH4/x1tu45eFAMcJrl/0ypykbGc+LP0SshUkng0eDbRFFio/EnjMAkHRiKlqT7O5wqea4CKYb7PbES0qcVI8mdR+m5XVeOW994QMwCkRYkOi/ZhAMbIT4wXw6q3IZM6cwRXmg5bBcpRg6swj+ksZJZWnhNvOgmwXMImUA47QL7o4qSlDw/OMdHZANFyxJkzPSY4U+YT6x2i3i4/YSgHZ/D2h1OGtSNSMyo2wqA6TOGm4/IpztIdNLfQgc0YjTArS0SLgIwQKRJ/Qemzjcl2wzA7eXJkFLsWycq9GmlHMPTP7oq+yo0HM9GCU79HZIcKCheNfmjUui90Na1YH1dMkmhtszfAr2qhsadi1iwjufCV/KaId+A+Bq+u9dzSUO3YoOp2Djf+xSFQKu2UD25I3F2LXJsdb3k+e5+jaIYgpqRSkmtE/s6m2NDhI6fifR8M9slWIhUfvdo9wfvjwr1ssLWryCYQp/rPxVCgMDECeqKC7JH0Kjy8jXfWpUke2WpefFkypwzv6QT/iZtAlQJDzg49Wt87YHEXxjEe+wCkL+9da9hlWCrlc+B/jCgBT/afx2AB1DbDM83SQkosDoO5Ky4Zu+l+hv7KO5AYDm5Tf6nUyjhus2ZY3JJsTtuwFpu7TK1TNMWd90pUwyP73YtpU9xEIl8OI8KTqvs9PeC3VCVTWo5a478bcmGVAcrS/3qYMGwoCkVMNWJ85p+H7mY8ZEMlBd765uMWMH0yxLJkeDsJ5WUjj9m+omaS5eCwjs94CuoQz16uoSe2TE=','Yes','Yes'),
 ('client.txt','prabu.jpinfotech@gmail.com','2016-06-06 15:44:06','16',0x74686973206973207072616268752052,'WQ/raCNeTp5L1NDMfihMJJvQ1ltU+0gn','Yes','Yes');
INSERT INTO `upload` (`file_name`,`file_owner`,`date`,`size`,`file`,`data`,`status`,`tkey`) VALUES 
 ('server.txt','prabu.jpinfotech@gmail.com','2016-06-06 15:45:03','44',0x68656C6C6F2C2E2E2E6920616D20616363657373696E6720666F7220646966666572656E7420736572766572,'HV4pAnC1PALXBP57xdTCZ+mNQao9MTd8zvvssTNAGsIlNuQyTeI1E2Dsbff2jixY','Yes','Yes'),
 ('new.txt','prabu.jpinfotech@gmail.com','2016-06-06 15:45:16','19',0x54686973206973206E65772070726F6A656374,'adZPKLrjcs+BrbUjjdUxaOkNX071U9Ng','Yes','Yes'),
 ('one.txt','prabu.jpinfotech@gmail.com','2016-06-06 15:49:51','17',0x5468697320697320746578742E66696C65,'adZPKLrjcs+wC+JmMdMatLhC4jM3lxlC','Yes','Yes'),
 ('java.txt','prabu.jpinfotech@gmail.com','2016-06-06 15:52:46','28',0x68656C6C6F202E2E74686973206973206A6176612070726F6772616D,'ppF7bOaph5JZD+toI15OnuJMhwCtQmVtnRlHr37ZVp8=','Yes','No'),
 ('sample.txt','prabu.jpinfotech@gmail.com','2016-06-06 15:55:01','28',0x746869732069732064616D706C6520746578742066696C652E2E2E2E,'WQ/raCNeTp7lioHTBheXALYkw9roH2JugeWKsUjbNUA=','Yes','Yes'),
 ('this.txt','prabu.jpinfotech@gmail.com','2016-06-06 15:55:16','21',0x7468697320697320746578742066696C652E2E2E2E,'WQ/raCNeTp6q0BgOKLZZ/W+qTExjGdeg','Yes','Yes');
INSERT INTO `upload` (`file_name`,`file_owner`,`date`,`size`,`file`,`data`,`status`,`tkey`) VALUES 
 ('Note.txt','prabu.jpinfotech@gmail.com','2016-06-07 12:15:01','1924',0x456E61626C696E6720436C6F75642053746F72616765204175646974696E6720576974682056657269666961626C650D0A4F7574736F757263696E67206F66204B657920557064617465733A0D0A0D0A436C6F75642073746F726167652C206F7574736F757263696E6720636F6D707574696E672C20636C6F75642073746F72616765206175646974696E672C0D0A6B6579207570646174652C207665726966696162696C6974792E0D0A0D0A312E434C49454E543A0D0A202A4576657220636C69656E74206E65656420746F207265676973746572207768696C6520616363657373696E6720746F2074686520636C6F75642E0D0A202A4576657279206461746120757365722077696C6C206265206163746976617465642062792074686520436C6F75642E0D0A202A416674657220435241206163746976617465642E0D0A202A466F7220656163682074696D6520436C69656E74206E65656420746F2070726F76696465207570646174652074696D65206B657920666F722075706C6F6164696E67206E65772066696C65730D0A2020696E746F20636C6F75642E2E0D0A0D0A55706C6F61642074696D65206B65793A0D0A0D0A202A49742077696C6C2062652070726F7669646564206279205450412E2E436C69656E742063616E20646F776E6C6F6164207468652075706C6F6164206B6579200D0A2020656163682074696D6520636C69656E742075706C6F6164696E67206E65772066696C6520696E746F20636C6F75642E2E0D0A202A416E642074686579206E656564206E6F7420726571756573742066726F6D205450412E2E0D0A202A4174207468652074696D65206F6620636C69656E7420646F776E6C6F6164696E67207468652075706C6F6164206B65792E2E74686520726571756573742077696C6C2073656E640D0A2020696E6469726563746C7920746F2054504120616E642067657420456E637279707465642075706C6F616420736563726574206B65792E2E2E0D0A202A416E642066696E616C6C7920636C69656E74206465637279707420616E6420646F776E6C6F6164207468652075706C6F616420736563726574206B65792E2E0D0A202A4E6F7720436C69656E742063616E2075706C6F61642061206E65772066696C6520696E746F20636C6F75642E2E2E0D0A20207468652075706C6F616465642066696C652077696C6C2073746F72656420696E2064726976652048512E0D0A0D0A202A44617461206F776E65722063616E20766965772066696C652064657461696C732E2E616E6420646F776E6C6F6164207468652066696C65207573696E67200D0A202066696C652074696D65205374616D70206B65792070726F7669646564206279205450412061667465722054504120676976656E20612072657175657374206F6E6C790D0A2020636C69656E742063616E20646F776E6C6F61642074686520636F72726573706F6E64696E672066696C65202E0D0A0D0A46696C652054696D65205374616D70204B65793A0D0A0D0A202A456163682074696D65207573657220616363657373696E6720616E6420646F776E6C6F6164696E67207468652066696C652066726F6D20636C6F75642E2E5450412077696C6C200D0A202070726F7669646520656163682046696C65207374616D702074696D65206B657920746F20636C69656E74206D61696C69642E2E736F2073616D652066696C65206B6579200D0A202077696C6C206E6F7420626520746865726520666F722073616D652066696C652E2E0D0A202A49742077696C6C2073656E64206173206163636F7264696E6720746F2074696D657374616D70206279205450412E2E0D0A0D0A20200D0A322E5450412854686972642050617274792041756469746F72293A0D0A202A497420616374732061732061646D696E0D0A202A50726F766964652074696D652055706C6F616420736563726574206B657928696E20456E637279707465642073746174652920666F7220657665727920636C69656E7420746F2075706C6F61640D0A20206E65772066696C6520696E746F20636C6F75642E2E49742077696C6C2062652073656E6420617320496E6469726563746C79207768696C65207573657220646F776E6C6F6164696E67200D0A20207468652075706C6F616420736563726574206B65792E2E0D0A202A416674657220636C6F756420676976656E206175646974696E672070726F6F66206F6E6C79205450412063616E20617564697420616C6C2066696C65732E2E2020200D0A202A416E6420616C736F2070726F76696465207468652046696C65205374616D70206B657920666F7220616C6C2066696C657320746F2074686520636C69656E74207265717565737420666F720D0A2020636F72726573706F6E64696E672066696C6573206B65792E0D0A200D0A202020202020202020202020202020202020200D0A332E434C4F55443A0D0A202A416374697661746520436C69656E742E0D0A202A53656E642073746F72616765206175646974696E672070726F6F6620666F7220616C6C2066696C657320746F205450412E2E0D0A202A5669657720636C6F75647320446F776E6C6F616473200D0A20200D0A7468616E6B20796F7520666F72207761746368696E672E2E2E,'73mlSY2mApOGd39q5r/VYO3H+9Y50DDzXUeqtl10rj8HmQTcjDeaJMpNFsepEeJ5eHcS7gtftmesgKilSAMGGXy7d3/oluBlLSAPxY3hplUlyJbIv1pU37DkmJ47rK0c0D43HpNKPLbrEblaSRo+wVS+FzXQXdtu3VoHkCZMe5/2/yj51BRr8tSvVcZqLG9wpJrLMl0KFmcznaTE3RTKeM6uhl2YhAg/xxJxKH0ehRZxB8KR10JDL4GLD/0q0gAQATZ6qBWYEWrz1Loqx8jFh4h20CnuVTyS6Y1Bqj0xN3zqTr8XsoxoWjmBVdMFAkH5BtozCbUf6WUBui4Hsald4KHwYxmCUMJkIDpE7lfUrMqeYCFWWD4uVYsAy1RB0J7LxG6HBhSLHKLd42DCSWPNU684TMDVrQ41ww5laKpplCMXsVNarFxU1ahLHAUtmfnkYNkTR46BfPetWRXzXvs8ACqUvKSBMky15fmnr4HVrGVqEXMnd3kV5sOi7MhSnVcxkz3sku5ma8Qh/cSQ8ZKpK8byK/GzvOYXoY/I+g/wcMD+qUF/rxr5gQmCaXEDuYqXZViqFwEY54fvcklGOczgHEKZjq8a90/TeCBJ5rU2xVbJ1s+dW1h7QvxS7o72Ybv9lUN5tMXGvBlWZauXW1SsJWAMaUXOtHOCEYvlVGblJS/Wff8n5hb6KMJI3OzYW2KHIf3EkPGSqSuFY+PD+CNGnLmnU6F7cpzEpq7lfzssjhGYhtkkUoWz6OchCrYvoopkQCFHvxxaXqvanfiD1RdjgM+VJuIV6w12Z0bZuGaBcGL9KpjgeNwfgKcPTnat8VkEDQBz5BUU5P8krTO4iKT72Go39m9HgE6Pc7HJ6vlW7VPF3AVrA5pCEEJdtH7OEhCooRv2QrgcCj6hzp4GEFhyBFmg552QxTaeKl77JZtyaRbwHHl+L4SFdFXAdOvT0QHW+QbHDOsFgkrQbeBzqYTmB8Bf7Lpl9KPEkUxSJa7GRZ7niXJEyKMC1oP7c80P4ZNSnP/ZkztKY7/+DQGcNdaWp12MXYvlkCf7PtJCzrGfCVodTLl7s/kyh2vICO6gcK1WZQBJyNxdb0/DtEyFbNTXBezUnZ+/KX1dJPxZvo5QQA4uKVzjKJQ90wmRBsK+64iNHfHPQeL1V/2cOufEREmBdKWrnUBEEqqpaOGcjpkrGG8o/XLywFZlKQGXKax2eZgtkUxSJa7GRZ69E/OwhIxwcgdbRpyFC8x0sPbQP+ULKlYxqW7DkHnwuuaWgaD2rSEMm+FEecDo+StbVlFPogUbamHIxVY5R8/h+WwmkUPPBvAg8KlAsDy6qmLbpwuYLYQ41m8QuDvzbVpNJ/xjKmwLrktvlcIANlieqcNKGBjo4bWPRdCqaECr2mmAv/mzZl+7sAfAMZbgF1ad0nXzzPQis3L9wcIp6ZMZCrXYDXgk+yqHO1pe3OgjAs7wjI2XQCWCchGLdjYRAI5imCAoO+Gq1jS4dflJjacrI8YJI73Yt0RIXB+qzuM15YyAfc7AuEAMB8EeXvH3yoyTFJYutOWLdzt1fXNeqphfCParT5cIOBweg2ak0qC0pXIOUGCSkYrd3DfQ9x8UrZ1JGStKJEj8I8wsYpjGD1uFme5yNu/3LbcyqfHRiub0Fm7hvtmBXz/dcqJM0Y55ITqDAbaMFZxXBXZHZfArn2pp2Ih+plYtztu0yyIE3GGeKinL9y8ZrpvRLie+uyA0C5reYhgeuS/34EmIwtJxnwR1rULvFQ9KtPTWeIZCqmoXoJPaYipkHZDSZJ+V9hew/cGLh2w0EyrPQtEmx7k7Rr+zNWQgqgXVPfmD+3PND+GTUpz/2ZM7SmO/oOdrDy9a8DguQdPx9bFYi56mdf/ZQi9FLf1h4GNmu6xIAx3RPgf7Ok2tpK21aIHwQM54lXZnXgfDC2GJaptcE63xF7xXDomCuCkzemuFjCWPIHvR/MW/dIFxe7kZ0kSZavfFotmHEaWqV4YjwT800etJY6NcAAAtDxZNg8ry9weYTF2t1elVsYCxYrJEZOO4ros6XBS1Yz4f+122HcD5F4weM686UDkQAc6XGEIvyTAvlgCZEFh9Z5z+YhPSohp+N9mzDLY9xib52gGOtsxB25YfEz3fJbdLqtYFyo+Mi5obnaFqL4Drg7nYI1915KWLBt8ghSk0LfDsN40sh0/TkgY7c4TyvpvvQI7K/3PBMIbqTr8XsoxoWtkaq02UQQORaNTOMBQIPQG3qOhOYv8JgK619DCAhtQS/Mvx6Is5wjsG025lA++8ouAJdan93Ayw4Al1qf3cDLBLX6xYMFU+OUUZHkpJWYwDmC27a7eQoPI99+Ib7XWrjjyqT2iOvi7yHGeYXeKF6jlh7Khy6+8pT7uHYAwaypLT2vkOUjvHZUMQ2/jJsyXwgjafueuXR5vLVSayntiLuhgn/D9jrD/ikKAhQGqCWN6oDRFV2F5d9zIEeuud8ViAmvjcxEzK5F5hWEPsUVhgXVo=','Yes','Yes'),
 ('user.txt','prabu.jpinfotech@gmail.com','2016-06-07 12:15:19','2091',0x436C6F756420636F6D707574696E672C2063697068657274657874207365617263682C2072616E6B6564207365617263682C206D756C74692D6B6579776F7264207365617263682C200D0A68696572617263686963616C20636C7573746572696E672C2073656375726974792E0D0A0D0A312E44415441204F574E45523A0D0A0D0A202A457665722064617461206F776E6572206E65656420746F207265676973746572207768696C6520616363657373696E6720746F2074686520636C6F75642E0D0A202A45766572792064617461206F776E65722077696C6C206265206163746976617465642062792074686520636C6F75642E0D0A202A416674657220436C6F7564206163746976617465642C6576657279206F776E6572206E65656420746F2070726F7669646520736563726574206B657920746F200D0A20206C6F67696E206F776E657220686F6D652E0D0A202A736563726574206B65792077696C6C2062652070726F766964656420627920636C6F756420616E64206B65792077696C6C2073656E6420746F20636F72726573706F6E64696E67200D0A20206F776E6572206D61696C2069642E2E2E2E2E0D0A202A44617461206F776E65722063616E2075706C6F6164207468652066696C6520696E2074686520636C6F75642E2E7468652075706C6F616465642066696C652077696C6C200D0A202073746F72656420696E2064726976652048512E0D0A202A44617461206F776E65722063616E20766965772066696C652064657461696C732E2E616E642063616E206D6F646966792C64656C6574652C7570646174652066696C65730D0A202A44617461206F776E6572206E65656420746F20726573706F6E736520666F72207468652066696C652077686F2061726520616C6C20757365722072657175657374200D0A2020666F72207468652066696C652E2E200D0A2020200D0A322E4441544120555345523A0D0A0D0A202A4576657220646174612075736572206E65656420746F207265676973746572207768696C6520616363657373696E6720746F2074686520636C6F75642E0D0A202A4576657279206461746120757365722077696C6C206265206163746976617465642062792074686520636C6F75642E0D0A202A416674657220436C6F7564206163746976617465642C65766572792075736572206E65656420746F2070726F7669646520736563726574206B657920746F200D0A20206C6F67696E207573657220686F6D652E0D0A202A736563726574206B65792077696C6C2062652070726F766964656420627920636C6F756420616E64206B65792077696C6C2073656E6420746F20636F72726573706F6E64696E67200D0A20206F776E6572206D61696C2069642E2E2E2E2E0D0A202A446174612075736572206861732074687265652070726F63657373206F66207365617263683A0D0A20312E52616E6B207365617263683A497420697320736561726368206279207468652072616E6B202E2E0D0A20322E4B6579776F7264207365617263683A4974206973207365617263682062792066696C65206B6579776F72642E2E2E0D0A20332E48696561726163686963616C2073656172636828696E64657820736561726368293A49742069732073656172636865642062792066696C6520696E6465782E2E2E2E0D0A200D0A202A41667465722075736572207365617263686564207468652066696C6520776861742068652F736865206E656564202E2E7468656E2075736572206E65656420746F200D0A20206769766520746865207265717565737420666F72207468652066696C652E2E0D0A202A416674657220636F72726573706F6E64696E67206F776E6572207265706F6E736520676976656E2E2E2E757365722063616E20646F776E6C6F616465642066696C650D0A20207573696E672064656372797074696F6E206B65792073656E6420627920746865206F776E65722E2E2E0D0A202A206B65792077696C6C2073656E6420746F20636F72726573706F6E64696E672075736572206D61696C2049442E2E2E200D0A202020202020202020202020202020202020200D0A332E434C4F55443A0D0A0D0A202A4163746976617465206461746120757365722E0D0A202A41637469766174652064617461206F776E65722E0D0A202A636C6F7564206861732074776F2070726F636573733A0D0A2020312E52616E6B6564207365617263683A5468652066696C65207768696368206973207365617263686564206279206E206E6F206F66207573657220696E2074686520636C6F75640D0A2020202069732063616C6C65642072616E6B207365617263682E2E697420697320617272616E676564207768696368207365617263686564206279206E6F206F6620757365722E2E2E0D0A2020322E48696572617263686963616C20496E6465783A69742077696C6C20636C75737465726564206279207468652073616D6520696E6465782E2E736F2C7468652070726F63657373206F660D0A20202072657472696576696E6720666F72207573657220656173792E2E2E202020200D0A206865726520796F75207365652E2E2E697420697320636C75737465726564206E792073616D6520696E6465782E2E666F72207468652066696C65206E6F746520616E64206E6F7465310D0A206974206973636C7573746572656420696E746F2073616D6520696E646578206173206E312E2E2E736F206865726520636C7573746572696E6720697320646F6E652E2E0D0A20697420697320666F72207573657220746F207265747269657665206461746120656173696C792E2E2E2E200D0A0D0A207468616E6B20796F7520666F72207761746368696E672E2E2E2E2E2E2E,'wlaJA9Sg5vn/xzsXGG1YASwHuMnSkxPyXiz54PAgKJlZUU3GNkNFVy3UGjBTMKhmIFMcyvqoi6XgkBc3xodiuxLr6fv1PE8PdRKKcrb05GRpEDa/+hBo0knInAerovId6dzBzH7SxC/TE+DLzjS7Q/YLndLfW2IVJ3DoYpw/D2s6N2qmfI+9mebmCG2jMvg6ATZ6qBWYEWrz1Loqx8jFh4h20CnuVTyS6Y1Bqj0xN3zqTr8XsoxoWjmBVdMFAkH5BtozCbUf6WWSrCIlgoADkrrCQxMWTfHt4kGZHx5WSkH1NxIivy4ykqOL46TzIwejRsZz4s/RKyEm2EEdu2d/4ugvR3BBr32a1qJf5b1Cp20JXth299H7+WCohobY6cau7MUkCB7eaWSCcXP3qobpr+BZL/lar3waoaXVqIpd7HMGOMbhpCtXCbHmN8suIOh95tHpLpgeG/FlWKoXARjnh+9ySUY5zOAc13NJQ7dig6k07pMjJuhHEHoIBFdQ5m/PYIQLlqSJA6+utfQwgIbUEkGEQpA34btNKKXRnSxIaX7Qxld3u7hKquCLsTNxlq+RZSJyktN8Cv7uCcAK1caif2Uc5c9kVh1TRH4WC8wyA6pjRJ7zggF5QJhMXa3V6VWxavkMNh+ozXwT5R7HvrSsiA5MrDg5h9/fWMXZYFeqpZZ6BSnem+dDVhEVUgp+3uFQ5VUpQaB6I+3CSNzs2Ftih6frwWn0FmxVdKZ7MEzuhQpWn4sDDr+lxLoWpPnAPGlZEE78/1sCvZXE5ZcHU974pZKsIiWCgAOSGOJqJYiQOK94xyLvlE+o3NAMLvr5hIWcnwmfekJ7cnWd3hsYyRcxmbwHxtBwChYd21Gszl8xkaweLkj7ALsTLefKGwFpDY6glH1ukT1hA8S8fHICxX11CCdw6GKcPw9rOjdqpnyPvZkBoJyQtD8mmmJQ9R6d9yNsFo3Qb6esYf+Cw2a4TJFeyhe1Vs1JO5nPqj2e2BIUU3iGDgQhbjxMMe7NoDkbxOJ5KXxle0lbHMlukwlcB+O5tugvR3BBr32au2z/JFQhY78Ca2WY6jvT3Bv+ARDwMI20jg7qNvTNexvv+p6XkFEox2BIHFRJhSXpRpHty4GamBlTCSkjuYnBa53qPBTJIeMjGIqWpPs7nCq5NOveRhuv2MLbSgaGvd3iiAVYe8UCYh6c/9mTO0pjv7rCQxMWTfHtm+FEecDo+SvtKCiys+pUFxHZo+9BP9iRc73fF7bk0XycmQLEZt8W6GY36+X9ucmY2TzlTR3wRXmXUK6EmoBjLhjc6IIZJIGkuwLwiZbo5OkBui4Hsald4MCf4S4s/4gUNw6JgXNUk/nSH4h9vUd17dXZlhMrCrx0eDXECIi8DUm/1/mES7zpcpNKE6N/UNY2u2z/JFQhY7+GsfIEqjyz1TjNYEurRETzWxc4rm89Rd6jzYDzKiTaKOsWopdnGjff40KobH/YP2t1wv7tCWV8nHiqTrgkEuVhtQjDrSMRkUYMQlgVx9Jd4FCc8xqRGE44G0oH86vcYHhpbWHUCaW6zTgmc6/jw2uda8gI7qBwrVao5eoFjYALAs+fXI05/s2dFPawqI04OsoXEH0sqzaXY2Uc5c9kVh1Tew5tLtHL+/AaEUNWoEBZL56fV9jvHT3NAaCckLQ/Jpq09yUE2KX1W1v0jhbw27msdeynqD47pSROMlcMk0lRC33dJhFGwAZERsZz4s/RKyFHKxi/IHFJLXyyzfJLYtMT/GNcyWVGyMFOvw/5cEAu5PEKjWQDSySjuEp6wN+L9rdzycRo/X+AuSdw4EnH+c6TSKlnS23tA25GcHN/rcqOxOMjLF1DOxWhnmAhVlg+LlUWx27al9+NdtIQv5gzyAunEtKnFSPJnUeBz/2eJ0oCUrvPHud3ckqaD/oAU36ymFWLsjEhQEnYDFhq8A0kMHlT4Al1qf3cDLDgCXWp/dwMsIK64UvFrIZblrgEDy7miF9ysMOgaeMZ8AjC0rLzZfjLDjpApjy2WWHeCaj/QJ+Dt52d6i517NdOu67sa4SKVslLyIl6eZc5sTX5o1LovdDWrCi+OIWM++nzCZQkaJFWB4Ucve/P0uqG6g1vNviQhhU9fRD4L1v5Lzgmc6/jw2udTerlI87gHqrRVOqBLylQkMP9KQtpQYeOXtMDbteDtzCa7JIcUFWHdUBfXTzoKDGLc4rt6qMccYgNlKTbf3EsGbyL8pJITm+OMBmeqqElFUjMVi/23WQvVW0clGeJ+cHpX/xF58mmYcFyuUo3ydjC2KdPgYCg4pFZaxba6obUqRJH4YsjnkvpupdRlWXuDfB3IaeJkMAHREE6PAo/MlJ5TUu6INSfyw+0zeL84c1K49JUUif/mDLs5jz5wTTJBBZ/gWKtjDLdzfBs4uEwqlOTVFeWG9H1EC/JDwsIh4rx0bvSHN53SmItUc/p26KhEGWazWItND1LKlnjWaHrowxe4GnKL2CEsqWFNLh1+UmNpys8Xd6zp2tPdjzPU8kPnmizSf1i2EgtPASf3QCjjH+ex7VJ7c6MQlaUld7B2IVMVpZucgCzVFL+fmne9BIbjwlCFwjW3s6H8O7xBIt+0gBJEjobuLE4jL9kThgO/7dgMbEeaZLQhV0S/Z+7Q1Zo2tX0CylTuZa4W+Xd+C9A5rpHFH0Qjj3uRkOAT6Ema6cSK7V/1D0XSu6l99p+aBiouCYWsii3IeOvF/s=','Yes','Yes');
/*!40000 ALTER TABLE `upload` ENABLE KEYS */;




/*!40101 SET SQL_MODE=@OLD_SQL_MODE */;
/*!40014 SET FOREIGN_KEY_CHECKS=@OLD_FOREIGN_KEY_CHECKS */;
/*!40014 SET UNIQUE_CHECKS=@OLD_UNIQUE_CHECKS */;
/*!40101 SET CHARACTER_SET_CLIENT=@OLD_CHARACTER_SET_CLIENT */;
/*!40101 SET CHARACTER_SET_RESULTS=@OLD_CHARACTER_SET_RESULTS */;
/*!40101 SET COLLATION_CONNECTION=@OLD_COLLATION_CONNECTION */;
/*!40101 SET CHARACTER_SET_CLIENT=@OLD_CHARACTER_SET_CLIENT */;
